﻿<?xml version="1.0" encoding="utf-8"?>
<configuration>
  <!--母站计算-->
  <PrimaryStation>
    <StdFlow>100000</StdFlow>
    <UpPre>25</UpPre>
    <ExitPre>30</ExitPre>
    <CompresiveNumber>
    </CompresiveNumber>
    <CNGPrimaryStationArea>
    </CNGPrimaryStationArea>
    <CompersiveFactor>0.89</CompersiveFactor>
    <DailyWorkTime>24</DailyWorkTime>
  </PrimaryStation>
  <!--CNG子站计算-->
  <CNGStandardStation>
    <StdFlow>100000</StdFlow>
    <UpPre>4</UpPre>
    <ExitPre>25</ExitPre>
    <LowPressureVolumeRatio>3</LowPressureVolumeRatio>
    <MiddlePressureVolumeRatio>2</MiddlePressureVolumeRatio>
    <CompressorFillingTime>7</CompressorFillingTime>
    <CompressorCount>
    </CompressorCount>
    <LowPressureVolume>
    </LowPressureVolume>
    <MIddlePressureVolume>
    </MIddlePressureVolume>
    <HighPressureVolume>
    </HighPressureVolume>
    <LowPressureCount>
    </LowPressureCount>
    <MiddlePresureCount>
    </MiddlePresureCount>
    <HighPressureCount>
    </HighPressureCount>
    <CngStationaAddGasCount>
    </CngStationaAddGasCount>
    <CngTotalArea>
    </CngTotalArea>
    <CompressureFator>0.89</CompressureFator>
    <DailyWorkTime>20</DailyWorkTime>
    <TaxiCount>1000</TaxiCount>
    <BusCount>200</BusCount>
  </CNGStandardStation>
  <!--Cng槽车计算-->
  <CngTankCar>
  </CngTankCar>
  <!--Cng标准站计算-->
  <CNGStandard>
    <StdFlow>100000</StdFlow>
    <UpPre>4</UpPre>
    <ExitPre>25</ExitPre>
    <LowPressureVolumeRatio>7999</LowPressureVolumeRatio>
    <MiddlePressureVolumeRatio>2</MiddlePressureVolumeRatio>
    <CompressorFillingTime>7</CompressorFillingTime>
    <CompressorCount>
    </CompressorCount>
    <LowPressureVolume>3</LowPressureVolume>
    <MIddlePressureVolume>2</MIddlePressureVolume>
    <HighPressureVolume>
    </HighPressureVolume>
    <LowPressureCount>
    </LowPressureCount>
    <MiddlePresureCount>
    </MiddlePresureCount>
    <HighPressureCount>
    </HighPressureCount>
    <CngStationaAddGasCount>
    </CngStationaAddGasCount>
    <CngTotalArea>
    </CngTotalArea>
    <CompressureFator>0.89</CompressureFator>
    <DailyWorkTime>20</DailyWorkTime>
    <TaxiCount>1000</TaxiCount>
    <BusCount>200</BusCount>
  </CNGStandard>
  <!--CNG子母站工程量与投资匡算-->
  <CNGPrimaryStationRoughEstimate>
    <Supply>86</Supply>
    <PrimaryStationScale1>50</PrimaryStationScale1>
    <PrimaryStationScale2>30</PrimaryStationScale2>
    <PrimaryStationScale3>25</PrimaryStationScale3>
    <PrimaryStationScale4>20</PrimaryStationScale4>
    <PrimaryStationScale5>15</PrimaryStationScale5>
    <PrimaryStationScale6>10</PrimaryStationScale6>
    <PrimaryStationCount1>1</PrimaryStationCount1>
    <PrimaryStationCount2>1</PrimaryStationCount2>
    <PrimaryStationCount3>1</PrimaryStationCount3>
    <PrimaryStationCount4>0</PrimaryStationCount4>
    <PrimaryStationCount5>0</PrimaryStationCount5>
    <PrimaryStationCount6>0</PrimaryStationCount6>
    <SubstationScale1>2</SubstationScale1>
    <SubstationScale2>1.5</SubstationScale2>
    <SubstationCount1>43</SubstationCount1>
    <SubstationCount2>0</SubstationCount2>
    <BundleCount>108</BundleCount>
    <TractorCount>54</TractorCount>
    <PermanentFloorArea>23.4</PermanentFloorArea>
    <TemporaryFloorArea>0</TemporaryFloorArea>
    <ProjectTime>8</ProjectTime>
    <Investment>64380</Investment>
    <PrimaryStationScale1Investment>4500</PrimaryStationScale1Investment>
    <PrimaryStationScale2Investment>3500</PrimaryStationScale2Investment>
    <PrimaryStationScale3Investment>3100</PrimaryStationScale3Investment>
    <PrimaryStationScale4Investment>2800</PrimaryStationScale4Investment>
    <PrimaryStationScale5Investment>2500</PrimaryStationScale5Investment>
    <PrimaryStationScale6Investment>2000</PrimaryStationScale6Investment>
    <PrimaryStationScale1Area>2.5</PrimaryStationScale1Area>
    <PrimaryStationScale2Area>2</PrimaryStationScale2Area>
    <PrimaryStationScale3Area>1.7</PrimaryStationScale3Area>
    <PrimaryStationScale4Area>1.5</PrimaryStationScale4Area>
    <PrimaryStationScale5Area>1.3</PrimaryStationScale5Area>
    <PrimaryStationScale6Area>1</PrimaryStationScale6Area>
    <PrimaryStationScale1ProjectTime>8</PrimaryStationScale1ProjectTime>
    <PrimaryStationScale2ProjectTime>7</PrimaryStationScale2ProjectTime>
    <PrimaryStationScale3ProjectTime>6</PrimaryStationScale3ProjectTime>
    <PrimaryStationScale4ProjectTime>5</PrimaryStationScale4ProjectTime>
    <PrimaryStationScale5ProjectTime>5</PrimaryStationScale5ProjectTime>
    <PrimaryStationScale6ProjectTime>5</PrimaryStationScale6ProjectTime>
    <SubstationScale1Investment>900</SubstationScale1Investment>
    <SubstationScale2Investment>750</SubstationScale2Investment>
    <SubstationScale1Area>0.4</SubstationScale1Area>
    <SubstationScale2Area>0.3</SubstationScale2Area>
    <SubstationScale1ProjectTime>5</SubstationScale1ProjectTime>
    <SubstationScale2ProjectTime>4</SubstationScale2ProjectTime>
    <BundleInvestment>120</BundleInvestment>
    <TractorInvestment>30</TractorInvestment>
    <BundleScale>0.4</BundleScale>
  </CNGPrimaryStationRoughEstimate>
  <!--CNG标准站站工程量与投资匡算-->
  <CNGStandardStationRoughEstimate>
    <Supply>86</Supply>
    <StandardStationScale>2</StandardStationScale>
    <StandardStationCount>43</StandardStationCount>
    <PermanentFloorArea>21.5</PermanentFloorArea>
    <TemporaryFloorArea>0</TemporaryFloorArea>
    <ProjectTime>8</ProjectTime>
    <Investment>64380</Investment>
    <StandardStationInvestment>1000</StandardStationInvestment>
    <StandardStationArea>0.5</StandardStationArea>
    <SandardStationProjectTime>5</SandardStationProjectTime>
  </CNGStandardStationRoughEstimate>
  <!--LNG工程量与投资匡算-->
  <LNGGasificattionStationRoughEstimate>
    <PrimaryStationScale1>900</PrimaryStationScale1>
    <PrimaryStationScale2>400</PrimaryStationScale2>
    <PrimaryStationScale3>800</PrimaryStationScale3>
    <PrimaryStationScale4>600</PrimaryStationScale4>
    <PrimaryStationScale5>180</PrimaryStationScale5>
    <PrimaryStationScale6>120</PrimaryStationScale6>
    <PrimaryStationCount1>15</PrimaryStationCount1>
    <PrimaryStationCount2>1</PrimaryStationCount2>
    <PrimaryStationCount3>1</PrimaryStationCount3>
    <PrimaryStationCount4>0</PrimaryStationCount4>
    <PrimaryStationCount5>0</PrimaryStationCount5>
    <PrimaryStationCount6>0</PrimaryStationCount6>
    <PermanentFloorArea>23.4</PermanentFloorArea>
    <TemporaryFloorArea>0</TemporaryFloorArea>
    <ProjectTime>8</ProjectTime>
    <Investment>64380</Investment>
    <PrimaryStationScale1Investment>3500</PrimaryStationScale1Investment>
    <PrimaryStationScale2Investment>1500</PrimaryStationScale2Investment>
    <PrimaryStationScale3Investment>800</PrimaryStationScale3Investment>
    <PrimaryStationScale4Investment>500</PrimaryStationScale4Investment>
    <PrimaryStationScale5Investment>300</PrimaryStationScale5Investment>
    <PrimaryStationScale6Investment>150</PrimaryStationScale6Investment>
    <PrimaryStationScale1Area>3</PrimaryStationScale1Area>
    <PrimaryStationScale2Area>1.8</PrimaryStationScale2Area>
    <PrimaryStationScale3Area>1</PrimaryStationScale3Area>
    <PrimaryStationScale4Area>0.8</PrimaryStationScale4Area>
    <PrimaryStationScale5Area>0.3</PrimaryStationScale5Area>
    <PrimaryStationScale6Area>0.15</PrimaryStationScale6Area>
    <PrimaryStationScale1ProjectTime>8</PrimaryStationScale1ProjectTime>
    <PrimaryStationScale2ProjectTime>6</PrimaryStationScale2ProjectTime>
    <PrimaryStationScale3ProjectTime>5</PrimaryStationScale3ProjectTime>
    <PrimaryStationScale4ProjectTime>3</PrimaryStationScale4ProjectTime>
    <PrimaryStationScale5ProjectTime>3</PrimaryStationScale5ProjectTime>
    <PrimaryStationScale6ProjectTime>3</PrimaryStationScale6ProjectTime>
    <PrimaryStationScale1TurnoverRate>5</PrimaryStationScale1TurnoverRate>
    <PrimaryStationScale2TurnoverRate>5</PrimaryStationScale2TurnoverRate>
    <PrimaryStationScale3TurnoverRate>3</PrimaryStationScale3TurnoverRate>
    <PrimaryStationScale4TurnoverRate>3</PrimaryStationScale4TurnoverRate>
    <PrimaryStationScale5TurnoverRate>3</PrimaryStationScale5TurnoverRate>
    <PrimaryStationScale6TurnoverRate>3</PrimaryStationScale6TurnoverRate>
    <PrimaryStationScale1OperationCost>0.12</PrimaryStationScale1OperationCost>
    <PrimaryStationScale2OperationCost>0.15</PrimaryStationScale2OperationCost>
    <PrimaryStationScale3OperationCost>0.18</PrimaryStationScale3OperationCost>
    <PrimaryStationScale4OperationCost>0.25</PrimaryStationScale4OperationCost>
    <PrimaryStationScale5OperationCost>0.2</PrimaryStationScale5OperationCost>
    <PrimaryStationScale6OperationCost>0.3</PrimaryStationScale6OperationCost>
    <PrimaryStationScale1GasificattionCapacity>5.4</PrimaryStationScale1GasificattionCapacity>
    <PrimaryStationScale2GasificattionCapacity>3.24</PrimaryStationScale2GasificattionCapacity>
    <PrimaryStationScale3GasificattionCapacity>2.7</PrimaryStationScale3GasificattionCapacity>
    <PrimaryStationScale4GasificattionCapacity>1.8</PrimaryStationScale4GasificattionCapacity>
    <PrimaryStationScale5GasificattionCapacity>0.9</PrimaryStationScale5GasificattionCapacity>
    <PrimaryStationScale6GasificattionCapacity>0.45</PrimaryStationScale6GasificattionCapacity>
    <PrimaryStationGasificattionRate>120,180,600,800,400,900,1888</PrimaryStationGasificattionRate>
    <PrimaryStationColdInsulation>0.1</PrimaryStationColdInsulation>
  </LNGGasificattionStationRoughEstimate>
  <!--综合分析参数设置-->
  <ComprehensiveAnalysis>
    <PNGCoefficientA>0.0734</PNGCoefficientA>
    <PNGCoefficientB>-0.604</PNGCoefficientB>
    <PNGCoefficientC>0.00293</PNGCoefficientC>
    <PNGCoefficientD>0.361</PNGCoefficientD>
    <LNGCoefficientA>0.0734</LNGCoefficientA>
    <LNGCoefficientB>-0.888</LNGCoefficientB>
    <LNGCoefficientC>0.000389</LNGCoefficientC>
    <LNGCoefficientD>0.927</LNGCoefficientD>
    <CNGCoefficientA>0</CNGCoefficientA>
    <CNGCoefficientB>0.284</CNGCoefficientB>
    <CNGCoefficientC>0.00248</CNGCoefficientC>
    <CNGCoefficientD>-0.566</CNGCoefficientD>
    <ChartInitialPoint>100</ChartInitialPoint>
    <ChartTerminalPoint>700</ChartTerminalPoint>
    <ChartInterval>5</ChartInterval>
  </ComprehensiveAnalysis>
  <!--批量分析参数设置-->
  <BatchAnalysis>
    <InitialStandardFlow>4000</InitialStandardFlow>
    <Interval>100</Interval>
    <DiaRough>0.01</DiaRough>
    <GasWeight>0.6</GasWeight>
    <GasTep>20</GasTep>
  </BatchAnalysis>
</configuration>